{"fBjOubXSuTuET9vygYELfw==":"logo1-122x54.png","q3Z20HfoDzgCm3OjWTwPTg==":"logo1-274x120.png","UAc7kepzJPkrSn4uqTRvmw==":"background4.jpg","UBGdjaSDeRnGHgE26+Rznw==":"mbr-1920x1280.jpg","qxauznq3i/4Aj3Ik+hg64w==":"mbr-1-1920x1280.jpg","1T7Y0HeUQ+y8PY3ER4+0MQ==":"mbr-2-1920x1280.jpg","HQIhcisvIFYWqnACcnRcOQ==":"mbr-3-1920x1280.jpg","0k7qcbMbXR0QEmNkRbh28w==":"mbr-1920x1330.jpg","pXf8v0tsmMMKn+zD9fHFlg==":"logo1_gold-5-278x122.png","Q1KxbgHia8IP1na5Lfm/vA==":"logo1_gold-5-218x150.png","1oJOzxhg+Yt+bLAAFeWHjw==":"logo1_gold-5-96x66.png","dmoiy5uhnVGLvgfpBSjjSg==":"logo1_gold-5-122x84.png","apPSa2pwCh6Y3BW8aXMGxA==":"logo2_gold-176x74.png","jgcw0mz8psF67QIP+Z+dhw==":"logo2_gold_withname-290x155.png","2trH2RYelSHOuGyTV26wFw==":"logo2_gold_withname-1-438x234.png","wiUNS0h/o0gU65RL8Od4BA==":"log%C3%B3tipo%20dessin%20du%20corps%20letras%20branco%20com%20transpar%C3%AAncia2-228x64.png","nBf9jfdV9yL1o0wuLv+sFw==":"log%C3%B3tipo%20dessin%20du%20corps%20letras%20preto%20com%20transpar%C3%AAncia2-434x122.png","kMsZjumS67I4WwV+ACphjg==":"log%C3%B3tipo%20dessin%20du%20corps%20letras%20branco%20com%20transpar%C3%AAncia2-432x122.png","vn1wJ7WJwdVGVPwTVgUMBQ==":"mbr-676x450.jpg","A2eULI0+9Ez3taXSPHnXXQ==":"background2.jpeg","sVHIWZAG1IAisJX5I+gQIQ==":"log%C3%B3tipo%20dessin%20du%20corps%20letras%20preto%20com%20transpar%C3%AAncia2-360x101.png","wPUyl0ocx8w++kyxZ/JVow==":"log%C3%B3tipo%20dessin%20du%20corps%20letras%20branco%20com%20transpar%C3%AAncia2-684x192.png","t7Ot3gKpG0en/1z1HTlTMQ==":"log%C3%B3tipo%20dessin%20du%20corps%20letras%20branco%20com%20transpar%C3%AAncia2_small-684x192.png","fQwvd6xVgXbwh+9Ys5Xxjw==":"log%C3%B3tipo%20dessin%20du%20corps%20letras%20branco%20com%20transpar%C3%AAncia2_small-584x164.png","Qd4yvMRkAl/EOIE4CyKf/A==":"mbr-684x456.jpg","fXoUpjUy1bIUYMTrTgScJQ==":"log%C3%B3tipo%20dessin%20du%20corps%20letras%20branco%20com%20transpar%C3%AAncia2_small-288x81.png","o6Erkf7fZxiz2nQnfug4BA==":"log%C3%B3tipo%20dessin%20du%20corps%20letras%20branco%20com%20transpar%C3%AAncia2_small-409x115.png","HYLeVQUbaSbEQeGz/89DzQ==":"log%C3%B3tipo%20dessin%20du%20corps%20letras%20branco%20com%20transpar%C3%AAncia2_5pc-292x82.png","snpv3MjSzhbm99uDM1dDuA==":"log%C3%B3tipo%20dessin%20du%20corps%20letras%20preto%20com%20transpar%C3%AAncia2_16-9-684x385.png","TGbfAt1dz02r7++ZVGje2Q==":"log%C3%B3tipo%20dessin%20du%20corps%20letras%20preto%20com%20transpar%C3%AAncia2_16-9-342x257.png","uSjgksHQQlCJd/1u15carQ==":"log%C3%B3tipo%20dessin%20du%20corps%20letras%20preto%20com%20transpar%C3%AAncia2_16-9-256x192.png","NYe+1tKN84zKBj6FGAGCFA==":"log%C3%B3tipo%20dessin%20du%20corps%20letras%20branco%20com%20transpar%C3%AAncia2_bottomlogo-256x131.png","rQfAVxfphPUHYQzYawCkGA==":"log%C3%B3tipo%20dessin%20du%20corps%20letras%20branco%20com%20transpar%C3%AAncia2_bottomlogo-376x161.png","wVZEUDlcv20nk+n78bZjKQ==":"log%C3%B3tipo%20dessin%20du%20corps%20letras%20branco%20com%20transpar%C3%AAncia2_bottomlogo-448x153.png","3NCNXFwXHY483oQwSi97ew==":"indiba-logo-2000x741.jpg","FK/UOdcCXgPu5++q1kmP0g==":"indiba-logo_header-2000x741.jpg","FxHVG0CVgP/F7JHP8qyd3Q==":"face2.jpg","sT80Y4RCGNBrSInGgrjIuA==":"background3.jpg","2zVidWl31jQ5x33qiOiCeQ==":"face2.jpeg","j38FJB4fundXLFcJvV/JTg==":"face2-1.jpeg","cPJcM3S/swNTwVFQlrmkmA==":"gallery_01_hands-646x406.jpg","2TvP74705I2nC/QVmrNBlg==":"gallery_02_feet-1440x753.jpg","VGkwKVeKlq8gG4FLpOW++g==":"gallery_03_back-385x500.jpg","f8SyfK3T96ag9AdVAg0TDA==":"gallery_03_back-385x500.jpeg","IbejRs0zr77HA5pG53et4Q==":"gallery_03_back-1-385x500.jpeg","PsAo0ChBjD/bwcrjj8Hd0Q==":"gallery_03_back-2-385x500.jpeg","yioYgdHf9UlHEx2mRes/Rg==":"gallery_04_legs-360x544.png","SdtUZFFK5MNRPtDgOVWajw==":"gallery_04_legs-1-360x544.png","hb/B86PfEKLT1Cwcg2hsVA==":"gallery_05_celulite-275x183.jpg","Ia+aVGCmO52KK2dgoJ3W/g==":"mbr-300x200.jpg","w6uCS/vhyCe3xtr4ykUDZg==":"mbr-300x396.jpg","mIIbxW0r7dEZSbMPwcoYdg==":"background2.jpg","pa5Dkwo/T1qgW/t0h+fQvA==":"background5.jpg","OM6hTwqMAQpTVhLcPG86xg==":"background1.jpg","oCGnwJ2421iZH6d/n32dWQ==":"mbr-1920x1079.jpg","/NveS5PnmdJFK82+pqdI4g==":"mbr-1920x1297.jpg","K0ir68KAQ2kPCaBTGWmj2Q==":"mbr-4-1920x1280.jpg","jTWFPetidQBM/+LrruAzSA==":"logtipo-squareish-128x91.png","k/sRTVvIcBQdyE0y+IDYVQ==":"logtipo-squareish-1-128x91.png","q0Gpwz0zGw1D/pg6MT/asQ==":"background8.jpg"}